{
  "meta": {
    "backend": "modal",
    "app": "cloud-murakumo-sqrt-kv-bench",
    "model_id": "Qwen/Qwen2.5-7B-Instruct",
    "gpu": "NVIDIA A100-SXM4-40GB",
    "gpu_mem_gb": 42.405855232,
    "dtype": "bfloat16",
    "load_4bit": false,
    "load_s": 95.707073808,
    "arch": {
      "model_type": "qwen2",
      "num_hidden_layers": 28,
      "num_attention_heads": 28,
      "num_key_value_heads": 4,
      "hidden_size": 3584,
      "head_dim": 128
    },
    "device": "cuda",
    "theory": "Williams STOC 2025 TIME[t]\u2286SPACE[\u221a(t log t)] \u2192 b=\u221a(S ln S) KV residency"
  },
  "runs": [
    {
      "exp": "kv-residency",
      "s": 1024,
      "b": 85,
      "h": 13,
      "n_keep": 97,
      "full_kv_mb": 58.720256,
      "keep_kv_mb": 5.562368,
      "ratio": 0.0947265625,
      "save_pct": 90.52734375,
      "bpt": 57344.0,
      "prefill_s": 0.7688094970000066,
      "cuda_peak_alloc_mb": 15663.386112,
      "cuda_peak_reserved_mb": 15978.201088,
      "pkv_shapes_sample": [
        [
          [
            1,
            4,
            1024,
            128
          ],
          [
            1,
            4,
            1024,
            128
          ]
        ],
        [
          [
            1,
            4,
            1024,
            128
          ],
          [
            1,
            4,
            1024,
            128
          ]
        ]
      ]
    },
    {
      "exp": "recompute-no-cache",
      "s": 1024,
      "new_tokens": 2,
      "cuda_peak_alloc_mb": 16288.353792,
      "elapsed_s": 0.2006285020000007,
      "vs_full_peak_ratio": 1.039899908968036
    },
    {
      "exp": "kv-residency",
      "s": 2048,
      "b": 125,
      "h": 17,
      "n_keep": 141,
      "full_kv_mb": 117.440512,
      "keep_kv_mb": 8.085504,
      "ratio": 0.06884765625,
      "save_pct": 93.115234375,
      "bpt": 57344.0,
      "prefill_s": 0.16213325199998962,
      "cuda_peak_alloc_mb": 16359.133696,
      "cuda_peak_reserved_mb": 16808.67328,
      "pkv_shapes_sample": [
        [
          [
            1,
            4,
            2048,
            128
          ],
          [
            1,
            4,
            2048,
            128
          ]
        ],
        [
          [
            1,
            4,
            2048,
            128
          ],
          [
            1,
            4,
            2048,
            128
          ]
        ]
      ]
    },
    {
      "exp": "recompute-no-cache",
      "s": 2048,
      "new_tokens": 2,
      "cuda_peak_alloc_mb": 17292.685824,
      "elapsed_s": 0.3442826169999904,
      "vs_full_peak_ratio": 1.0570661103056003
    },
    {
      "exp": "kv-residency",
      "s": 4096,
      "b": 185,
      "h": 23,
      "n_keep": 207,
      "full_kv_mb": 234.881024,
      "keep_kv_mb": 11.870208,
      "ratio": 0.050537109375,
      "save_pct": 94.9462890625,
      "bpt": 57344.0,
      "prefill_s": 0.3223782720000088,
      "cuda_peak_alloc_mb": 17417.999872,
      "cuda_peak_reserved_mb": 18316.525568,
      "pkv_shapes_sample": [
        [
          [
            1,
            4,
            4096,
            128
          ],
          [
            1,
            4,
            4096,
            128
          ]
        ],
        [
          [
            1,
            4,
            4096,
            128
          ],
          [
            1,
            4,
            4096,
            128
          ]
        ]
      ]
    },
    {
      "exp": "kv-residency",
      "s": 8192,
      "b": 272,
      "h": 31,
      "n_keep": 302,
      "full_kv_mb": 469.762048,
      "keep_kv_mb": 17.317888,
      "ratio": 0.036865234375,
      "save_pct": 96.3134765625,
      "bpt": 57344.0,
      "prefill_s": 0.6477486859999999,
      "cuda_peak_alloc_mb": 18927.98208,
      "cuda_peak_reserved_mb": 20436.74624,
      "pkv_shapes_sample": [
        [
          [
            1,
            4,
            8192,
            128
          ],
          [
            1,
            4,
            8192,
            128
          ]
        ],
        [
          [
            1,
            4,
            8192,
            128
          ],
          [
            1,
            4,
            8192,
            128
          ]
        ]
      ]
    },
    {
      "exp": "kv-residency",
      "s": 16384,
      "b": 399,
      "h": 42,
      "n_keep": 440,
      "full_kv_mb": 939.524096,
      "keep_kv_mb": 25.23136,
      "ratio": 0.02685546875,
      "save_pct": 97.314453125,
      "bpt": 57344.0,
      "prefill_s": 1.4048140849999982,
      "cuda_peak_alloc_mb": 21947.946496,
      "cuda_peak_reserved_mb": 25071.45216,
      "pkv_shapes_sample": [
        [
          [
            1,
            4,
            16384,
            128
          ],
          [
            1,
            4,
            16384,
            128
          ]
        ],
        [
          [
            1,
            4,
            16384,
            128
          ],
          [
            1,
            4,
            16384,
            128
          ]
        ]
      ]
    }
  ],
  "verdict": {
    "sqrt_save_pct": [
      90.52734375,
      93.115234375,
      94.9462890625,
      96.3134765625,
      97.314453125
    ],
    "significant_kv_save": true
  }
}