{
  "meta": {
    "backend": "modal",
    "app": "cloud-murakumo-sqrt-kv-bench",
    "model_id": "Qwen/Qwen3.6-35B-A3B",
    "gpu": "NVIDIA A100-SXM4-80GB",
    "gpu_mem_gb": 85.094825984,
    "dtype": "bfloat16",
    "load_4bit": false,
    "load_s": 343.492350998,
    "arch": {
      "model_type": "qwen3_5_moe_text",
      "architectures": null,
      "num_hidden_layers": 40,
      "num_attention_heads": 16,
      "num_key_value_heads": 2,
      "hidden_size": 2048,
      "num_experts": 256,
      "num_experts_per_tok": 8,
      "head_dim": 128
    },
    "device": "cuda",
    "theory": "Williams STOC 2025 TIME[t]\u2286SPACE[\u221a(t log t)] \u2192 b=\u221a(S ln S) KV residency",
    "note": "Qwen3.6 open MoE is 35B-A3B (total/activated); user '26B-A3B' maps here"
  },
  "runs": [
    {
      "exp": "kv-residency",
      "s": 2048,
      "b": 125,
      "h": 17,
      "n_keep": 141,
      "full_kv_mb": 75.3664,
      "keep_kv_mb": 36.31104,
      "ratio": 0.48179347826086955,
      "save_pct": 51.820652173913054,
      "bpt": 36800.0,
      "prefill_s": 2.2950020689999633,
      "cuda_peak_alloc_mb": 70430.666752,
      "cuda_peak_reserved_mb": 71108.132864,
      "pkv_shapes_sample": [
        [
          1,
          8192,
          4
        ],
        [
          1,
          32,
          128,
          128
        ],
        [
          1,
          8192,
          4
        ],
        [
          1,
          32,
          128,
          128
        ],
        [
          1,
          8192,
          4
        ],
        [
          1,
          32,
          128,
          128
        ],
        [
          1,
          2,
          2048,
          256
        ],
        [
          1,
          2,
          2048,
          256
        ]
      ]
    },
    {
      "exp": "kv-residency",
      "s": 4096,
      "b": 185,
      "h": 23,
      "n_keep": 207,
      "full_kv_mb": 117.30944,
      "keep_kv_mb": 37.66272,
      "ratio": 0.32105446927374304,
      "save_pct": 67.8945530726257,
      "bpt": 28640.0,
      "prefill_s": 1.1445244409999873,
      "cuda_peak_alloc_mb": 71498.133504,
      "cuda_peak_reserved_mb": 73037.512704,
      "pkv_shapes_sample": [
        [
          1,
          8192,
          4
        ],
        [
          1,
          32,
          128,
          128
        ],
        [
          1,
          8192,
          4
        ],
        [
          1,
          32,
          128,
          128
        ],
        [
          1,
          8192,
          4
        ],
        [
          1,
          32,
          128,
          128
        ],
        [
          1,
          2,
          4096,
          256
        ],
        [
          1,
          2,
          4096,
          256
        ]
      ]
    },
    {
      "exp": "kv-residency",
      "s": 8192,
      "b": 272,
      "h": 31,
      "n_keep": 302,
      "full_kv_mb": 201.19552,
      "keep_kv_mb": 37.71472,
      "ratio": 0.1874530804662052,
      "save_pct": 81.25469195337948,
      "bpt": 24560.0,
      "prefill_s": 1.9438498349999804,
      "cuda_peak_alloc_mb": 73633.067008,
      "cuda_peak_reserved_mb": 77097.598976,
      "pkv_shapes_sample": [
        [
          1,
          8192,
          4
        ],
        [
          1,
          32,
          128,
          128
        ],
        [
          1,
          8192,
          4
        ],
        [
          1,
          32,
          128,
          128
        ],
        [
          1,
          8192,
          4
        ],
        [
          1,
          32,
          128,
          128
        ],
        [
          1,
          2,
          8192,
          256
        ],
        [
          1,
          2,
          8192,
          256
        ]
      ]
    },
    {
      "exp": "kv-residency",
      "s": 16384,
      "b": 399,
      "h": 42,
      "n_keep": 440,
      "full_kv_mb": 368.96768,
      "keep_kv_mb": 42.43456,
      "ratio": 0.11500888099467141,
      "save_pct": 88.49911190053285,
      "bpt": 22520.0,
      "prefill_s": 3.930127015000039,
      "cuda_peak_alloc_mb": 77902.934016,
      "cuda_peak_reserved_mb": 78030.831616,
      "pkv_shapes_sample": [
        [
          1,
          8192,
          4
        ],
        [
          1,
          32,
          128,
          128
        ],
        [
          1,
          8192,
          4
        ],
        [
          1,
          32,
          128,
          128
        ],
        [
          1,
          8192,
          4
        ],
        [
          1,
          32,
          128,
          128
        ],
        [
          1,
          2,
          16384,
          256
        ],
        [
          1,
          2,
          16384,
          256
        ]
      ]
    }
  ],
  "exactness": {
    "ok": true,
    "s": 2048,
    "b": 125,
    "max_abs_delta": 0.015625,
    "mean_abs_delta": 0.00107574462890625,
    "exact_enough": false,
    "k_shape": [
      1,
      2,
      2048,
      256
    ],
    "h_q": 2,
    "h_kv": 2
  },
  "verdict": {
    "sqrt_save_pct": [
      51.820652173913054,
      67.8945530726257,
      81.25469195337948,
      88.49911190053285
    ],
    "significant_kv_save": false,
    "attention_exact_enough": false,
    "efficient_and_exact": false
  }
}